query_id,query
t01,drake pointing
t02,distracted boyfriend
t03,woman yelling at cat
t04,this is fine dog
t05,galaxy brain
t06,expanding brain
t07,two buttons sweating
t08,change my mind
t09,surprised pikachu
t10,stonks
t11,leonardo dicaprio pointing
t12,success kid
t13,confused math lady
t14,roll safe tapping head
t15,spongebob mocking
t16,is this a pigeon
t17,ancient aliens guy
t18,ptsd flashback vietnam
t19,ubermensch wojak chad
t20,soyjak pointing
t21,crying jordan
t22,evil kermit
t23,doge such wow
t24,grumpy cat
t25,monday energy
t26,me explaining to my boss why the deploy failed
t27,when the code finally works
t28,trying to adult
t29,nobody asked but here is my opinion anyway
t30,when you fix one bug and create three more
t31,running on no sleep and pure spite
t32,that feeling when the weekend is already over
t33,when someone touches your clean desk
t34,pretending to understand the meeting
t35,the audacity of this request
t36,waiting for the WiFi to reconnect
t37,when the meeting could have been an email
t38,emotional damage
t39,low effort but high confidence
t40,peak comedy energy
t41,chaotic good energy
t42,unhinged but valid
t43,cursed but accurate
t44,cat judging you
t45,dog wearing sunglasses
t46,political cartoon reaction
t47,wholesome friendship reaction
